{
  "metrics": [
    {
      "anchor_validity": 0.5,
      "baseline": "best_of_n",
      "clash_free_rate": 0.5833333333333334,
      "editable_validity": 1.0,
      "mean_clash_count": 2.1666666666666665,
      "mean_contact_fingerprint_similarity": 0.7811733405483405,
      "mean_contact_recovery": 0.942919481981982,
      "mean_ligand_efficiency_proxy": 0.15049686202702411,
      "mean_logp": 2.3575333333333375,
      "mean_posebusters_like_pass": 0.5833333333333334,
      "mean_qed": 0.2540216410775886,
      "mean_sa_fallback": 4.376666666666668,
      "mean_vina_like_proxy": 5.210064618371109,
      "num_repaired": 12,
      "num_sample_evaluable": 12,
      "repaired_success_rate": 0.5,
      "scaffold_preservation": 1.0,
      "source": "repaired_molecule_rdkit_geometry_eval_with_fallback_external_proxies"
    },
    {
      "anchor_validity": 1.0,
      "baseline": "coordinate_rollback",
      "clash_free_rate": 1.0,
      "editable_validity": 1.0,
      "mean_clash_count": 0.0,
      "mean_contact_fingerprint_similarity": 1.0,
      "mean_contact_recovery": 1.0,
      "mean_ligand_efficiency_proxy": 0.012734293611028562,
      "mean_logp": 1.9102000000000035,
      "mean_posebusters_like_pass": 1.0,
      "mean_qed": 0.25378016390487457,
      "mean_sa_fallback": 4.376666666666668,
      "mean_vina_like_proxy": 0.45610117348889484,
      "num_repaired": 12,
      "num_sample_evaluable": 12,
      "repaired_success_rate": 1.0,
      "scaffold_preservation": 1.0,
      "source": "repaired_molecule_rdkit_geometry_eval_with_fallback_external_proxies"
    },
    {
      "anchor_validity": 0.4166666666666667,
      "baseline": "direct_regeneration",
      "clash_free_rate": 0.5833333333333334,
      "editable_validity": 1.0,
      "mean_clash_count": 1.25,
      "mean_contact_fingerprint_similarity": 0.7382574601324601,
      "mean_contact_recovery": 0.8948088713713714,
      "mean_ligand_efficiency_proxy": 0.11142066930473889,
      "mean_logp": 1.9102000000000035,
      "mean_posebusters_like_pass": 0.5833333333333334,
      "mean_qed": 0.25378016390487457,
      "mean_sa_fallback": 4.376666666666668,
      "mean_vina_like_proxy": 3.458124320843352,
      "num_repaired": 12,
      "num_sample_evaluable": 12,
      "repaired_success_rate": 0.4166666666666667,
      "scaffold_preservation": 1.0,
      "source": "repaired_molecule_rdkit_geometry_eval_with_fallback_external_proxies"
    },
    {
      "anchor_validity": 0.6666666666666666,
      "baseline": "feedback_geometry_refinement",
      "clash_free_rate": 0.8333333333333334,
      "editable_validity": 1.0,
      "mean_clash_count": 0.16666666666666666,
      "mean_contact_fingerprint_similarity": 0.8557339933102127,
      "mean_contact_recovery": 0.942528465965966,
      "mean_ligand_efficiency_proxy": 0.05500482585153677,
      "mean_logp": 1.9102000000000035,
      "mean_posebusters_like_pass": 0.8333333333333334,
      "mean_qed": 0.25378016390487457,
      "mean_sa_fallback": 4.376666666666668,
      "mean_vina_like_proxy": 1.0870380084027846,
      "num_repaired": 12,
      "num_sample_evaluable": 12,
      "repaired_success_rate": 0.6666666666666666,
      "scaffold_preservation": 1.0,
      "source": "repaired_molecule_rdkit_geometry_eval_with_fallback_external_proxies"
    },
    {
      "anchor_validity": 1.0,
      "baseline": "feedback_linear_refinement",
      "clash_free_rate": 1.0,
      "editable_validity": 1.0,
      "mean_clash_count": 0.0,
      "mean_contact_fingerprint_similarity": 1.0,
      "mean_contact_recovery": 1.0,
      "mean_ligand_efficiency_proxy": 0.012771546340802964,
      "mean_logp": 1.9102000000000035,
      "mean_posebusters_like_pass": 1.0,
      "mean_qed": 0.25378016390487457,
      "mean_sa_fallback": 4.376666666666668,
      "mean_vina_like_proxy": 0.4560746189089098,
      "num_repaired": 12,
      "num_sample_evaluable": 12,
      "repaired_success_rate": 1.0,
      "scaffold_preservation": 1.0,
      "source": "repaired_molecule_rdkit_geometry_eval_with_fallback_external_proxies"
    },
    {
      "anchor_validity": 1.0,
      "baseline": "feedback_rule_repair",
      "clash_free_rate": 1.0,
      "editable_validity": 1.0,
      "mean_clash_count": 0.0,
      "mean_contact_fingerprint_similarity": 1.0,
      "mean_contact_recovery": 1.0,
      "mean_ligand_efficiency_proxy": 0.012734293611028562,
      "mean_logp": 1.9102000000000035,
      "mean_posebusters_like_pass": 1.0,
      "mean_qed": 0.25378016390487457,
      "mean_sa_fallback": 4.376666666666668,
      "mean_vina_like_proxy": 0.45610117348889484,
      "num_repaired": 12,
      "num_sample_evaluable": 12,
      "repaired_success_rate": 1.0,
      "scaffold_preservation": 1.0,
      "source": "repaired_molecule_rdkit_geometry_eval_with_fallback_external_proxies"
    },
    {
      "anchor_validity": 0.5,
      "baseline": "identity_failed_candidate",
      "clash_free_rate": 0.5833333333333334,
      "editable_validity": 1.0,
      "mean_clash_count": 2.3333333333333335,
      "mean_contact_fingerprint_similarity": 0.7808484739456372,
      "mean_contact_recovery": 0.9406672297297298,
      "mean_ligand_efficiency_proxy": 0.15891046661231636,
      "mean_logp": 1.9102000000000035,
      "mean_posebusters_like_pass": 0.5833333333333334,
      "mean_qed": 0.25378016390487457,
      "mean_sa_fallback": 4.376666666666668,
      "mean_vina_like_proxy": 5.627466386105791,
      "num_repaired": 12,
      "num_sample_evaluable": 12,
      "repaired_success_rate": 0.5,
      "scaffold_preservation": 1.0,
      "source": "repaired_molecule_rdkit_geometry_eval_with_fallback_external_proxies"
    },
    {
      "anchor_validity": 0.5,
      "baseline": "no_feedback_repair",
      "clash_free_rate": 0.5833333333333334,
      "editable_validity": 1.0,
      "mean_clash_count": 2.3333333333333335,
      "mean_contact_fingerprint_similarity": 0.7808484739456372,
      "mean_contact_recovery": 0.9406672297297298,
      "mean_ligand_efficiency_proxy": 0.15891046661231636,
      "mean_logp": 1.9102000000000035,
      "mean_posebusters_like_pass": 0.5833333333333334,
      "mean_qed": 0.25378016390487457,
      "mean_sa_fallback": 4.376666666666668,
      "mean_vina_like_proxy": 5.627466386105791,
      "num_repaired": 12,
      "num_sample_evaluable": 12,
      "repaired_success_rate": 0.5,
      "scaffold_preservation": 1.0,
      "source": "repaired_molecule_rdkit_geometry_eval_with_fallback_external_proxies"
    },
    {
      "anchor_validity": 0.5,
      "baseline": "rerank_only",
      "clash_free_rate": 0.5833333333333334,
      "editable_validity": 1.0,
      "mean_clash_count": 2.3333333333333335,
      "mean_contact_fingerprint_similarity": 0.7808484739456372,
      "mean_contact_recovery": 0.9406672297297298,
      "mean_ligand_efficiency_proxy": 0.15891046661231636,
      "mean_logp": 1.9102000000000035,
      "mean_posebusters_like_pass": 0.5833333333333334,
      "mean_qed": 0.25378016390487457,
      "mean_sa_fallback": 4.376666666666668,
      "mean_vina_like_proxy": 5.627466386105791,
      "num_repaired": 12,
      "num_sample_evaluable": 12,
      "repaired_success_rate": 0.5,
      "scaffold_preservation": 1.0,
      "source": "repaired_molecule_rdkit_geometry_eval_with_fallback_external_proxies"
    }
  ],
  "name": "repaired_smoke_seed_1",
  "notes": "Repaired-molecule RDKit/geometry smoke evaluation; still rule-baseline only and not a learned model result.",
  "num_repaired_records": 108,
  "seed": 1
}
