{
  "metrics": [
    {
      "anchor_validity": 1.0,
      "baseline": "feedback_budgeted_learned_editable_contact_shuffled_policy",
      "clash_free_rate": 1.0,
      "editable_validity": 1.0,
      "internal_budget_types": [
        "editable_offset_selection"
      ],
      "mean_anchor_error_reduction": 0.0,
      "mean_clash_count": 0.0,
      "mean_clash_count_reduction": 0.0,
      "mean_contact_fingerprint_similarity": 0.8802070313650079,
      "mean_contact_fingerprint_similarity_gain": 0.016725855379953938,
      "mean_contact_recovery": 0.8993194054233387,
      "mean_contact_recovery_gain": 0.020233265720081134,
      "mean_internal_candidate_budget": 10.0,
      "mean_ligand_efficiency_proxy": 0.020618102107499762,
      "mean_logp": 0.5994705882352958,
      "mean_posebusters_like_pass": 1.0,
      "mean_qed": 0.37805054423109263,
      "mean_sa_fallback": 4.012352941176469,
      "mean_vina_like_gain": -0.025817972239231952,
      "mean_vina_like_proxy": 0.679743576839215,
      "num_repaired": 17,
      "num_sample_evaluable": 17,
      "repair_gain_success_rate": 0.11764705882352941,
      "repaired_success_rate": 1.0,
      "scaffold_preservation": 1.0,
      "source": "repaired_molecule_rdkit_geometry_eval_with_fallback_external_proxies"
    },
    {
      "anchor_validity": 1.0,
      "baseline": "feedback_learned_editable_contact_shuffled_policy",
      "clash_free_rate": 0.8823529411764706,
      "editable_validity": 1.0,
      "internal_budget_types": [
        "single_policy_output"
      ],
      "mean_anchor_error_reduction": 0.0,
      "mean_clash_count": 0.11764705882352941,
      "mean_clash_count_reduction": -0.11764705882352941,
      "mean_contact_fingerprint_similarity": 0.8512922773465104,
      "mean_contact_fingerprint_similarity_gain": -0.012188898638543515,
      "mean_contact_recovery": 0.8758998651934536,
      "mean_contact_recovery_gain": -0.0031862745098039168,
      "mean_internal_candidate_budget": 1.0,
      "mean_ligand_efficiency_proxy": 0.026036548555705252,
      "mean_logp": 0.5994705882352958,
      "mean_posebusters_like_pass": 0.8823529411764706,
      "mean_qed": 0.37805054423109263,
      "mean_sa_fallback": 4.012352941176469,
      "mean_vina_like_gain": -0.2587211435121506,
      "mean_vina_like_proxy": 0.9126467481121336,
      "num_repaired": 17,
      "num_sample_evaluable": 17,
      "repair_gain_success_rate": 0.058823529411764705,
      "repaired_success_rate": 0.8823529411764706,
      "scaffold_preservation": 1.0,
      "source": "repaired_molecule_rdkit_geometry_eval_with_fallback_external_proxies"
    },
    {
      "anchor_validity": 1.0,
      "baseline": "feedback_ridge_editable_contact_shuffled_policy",
      "clash_free_rate": 0.8823529411764706,
      "editable_validity": 1.0,
      "internal_budget_types": [
        "single_policy_output"
      ],
      "mean_anchor_error_reduction": 0.0,
      "mean_clash_count": 0.23529411764705882,
      "mean_clash_count_reduction": -0.23529411764705882,
      "mean_contact_fingerprint_similarity": 0.8559738709035082,
      "mean_contact_fingerprint_similarity_gain": -0.007507305081545767,
      "mean_contact_recovery": 0.8922538205687073,
      "mean_contact_recovery_gain": 0.01316768086544963,
      "mean_internal_candidate_budget": 1.0,
      "mean_ligand_efficiency_proxy": 0.032712084471594606,
      "mean_logp": 0.5994705882352958,
      "mean_posebusters_like_pass": 0.8823529411764706,
      "mean_qed": 0.37805054423109263,
      "mean_sa_fallback": 4.012352941176469,
      "mean_vina_like_gain": -0.446148875039848,
      "mean_vina_like_proxy": 1.1000744796398312,
      "num_repaired": 17,
      "num_sample_evaluable": 17,
      "repair_gain_success_rate": 0.17647058823529413,
      "repaired_success_rate": 0.8823529411764706,
      "scaffold_preservation": 1.0,
      "source": "repaired_molecule_rdkit_geometry_eval_with_fallback_external_proxies"
    }
  ],
  "name": "repaired_contact_degraded_seed1_shuffled_ablation",
  "notes": "Repaired-molecule RDKit/geometry smoke evaluation; includes deterministic/rule baselines, oracle sanity checks, and lightweight oracle-free learned geometry policy where configured. Fallback proxy metrics are not official PoseBusters/PLIP/Vina results.",
  "num_repaired_records": 51,
  "seed": 1
}
