{
  "metrics": [
    {
      "anchor_validity": 1.0,
      "baseline": "feedback_budgeted_learned_editable_contact_shuffled_policy",
      "clash_free_rate": 0.9473684210526315,
      "editable_validity": 1.0,
      "internal_budget_types": [
        "editable_offset_selection"
      ],
      "mean_anchor_error_reduction": 0.0,
      "mean_clash_count": 0.05263157894736842,
      "mean_clash_count_reduction": -0.05263157894736842,
      "mean_contact_fingerprint_similarity": 0.8893463767292102,
      "mean_contact_fingerprint_similarity_gain": 0.017635149093460183,
      "mean_contact_recovery": 0.9157784829389817,
      "mean_contact_recovery_gain": 0.027723966963886477,
      "mean_internal_candidate_budget": 10.0,
      "mean_ligand_efficiency_proxy": 0.024560708459657486,
      "mean_logp": 0.7418000000000013,
      "mean_posebusters_like_pass": 0.9473684210526315,
      "mean_qed": 0.3962849946115537,
      "mean_sa_fallback": 3.8584210526315768,
      "mean_vina_like_gain": -0.10609133595352445,
      "mean_vina_like_proxy": 0.7976159431552023,
      "num_repaired": 19,
      "num_sample_evaluable": 19,
      "repair_gain_success_rate": 0.10526315789473684,
      "repaired_success_rate": 0.9473684210526315,
      "scaffold_preservation": 1.0,
      "source": "repaired_molecule_rdkit_geometry_eval_with_fallback_external_proxies"
    },
    {
      "anchor_validity": 1.0,
      "baseline": "feedback_learned_editable_contact_shuffled_policy",
      "clash_free_rate": 0.8421052631578947,
      "editable_validity": 1.0,
      "internal_budget_types": [
        "single_policy_output"
      ],
      "mean_anchor_error_reduction": 0.0,
      "mean_clash_count": 0.15789473684210525,
      "mean_clash_count_reduction": -0.15789473684210525,
      "mean_contact_fingerprint_similarity": 0.8567584114551351,
      "mean_contact_fingerprint_similarity_gain": -0.014952816180614777,
      "mean_contact_recovery": 0.8895582753735913,
      "mean_contact_recovery_gain": 0.001503759398496247,
      "mean_internal_candidate_budget": 1.0,
      "mean_ligand_efficiency_proxy": 0.02953589683983048,
      "mean_logp": 0.7418000000000013,
      "mean_posebusters_like_pass": 0.8421052631578947,
      "mean_qed": 0.3962849946115537,
      "mean_sa_fallback": 3.8584210526315768,
      "mean_vina_like_gain": -0.31574404868875944,
      "mean_vina_like_proxy": 1.0072686558904373,
      "num_repaired": 19,
      "num_sample_evaluable": 19,
      "repair_gain_success_rate": 0.05263157894736842,
      "repaired_success_rate": 0.8421052631578947,
      "scaffold_preservation": 1.0,
      "source": "repaired_molecule_rdkit_geometry_eval_with_fallback_external_proxies"
    },
    {
      "anchor_validity": 1.0,
      "baseline": "feedback_ridge_editable_contact_shuffled_policy",
      "clash_free_rate": 0.8947368421052632,
      "editable_validity": 1.0,
      "internal_budget_types": [
        "single_policy_output"
      ],
      "mean_anchor_error_reduction": 0.0,
      "mean_clash_count": 0.10526315789473684,
      "mean_clash_count_reduction": -0.10526315789473684,
      "mean_contact_fingerprint_similarity": 0.8673825230992892,
      "mean_contact_fingerprint_similarity_gain": -0.0043287045364607726,
      "mean_contact_recovery": 0.8964640095365851,
      "mean_contact_recovery_gain": 0.008409493561489935,
      "mean_internal_candidate_budget": 1.0,
      "mean_ligand_efficiency_proxy": 0.02694590362778324,
      "mean_logp": 0.7418000000000013,
      "mean_posebusters_like_pass": 0.8947368421052632,
      "mean_qed": 0.3962849946115537,
      "mean_sa_fallback": 3.8584210526315768,
      "mean_vina_like_gain": -0.22696522810542624,
      "mean_vina_like_proxy": 0.9184898353071042,
      "num_repaired": 19,
      "num_sample_evaluable": 19,
      "repair_gain_success_rate": 0.10526315789473684,
      "repaired_success_rate": 0.8947368421052632,
      "scaffold_preservation": 1.0,
      "source": "repaired_molecule_rdkit_geometry_eval_with_fallback_external_proxies"
    }
  ],
  "name": "repaired_contact_degraded_seed0_shuffled_ablation",
  "notes": "Repaired-molecule RDKit/geometry smoke evaluation; includes deterministic/rule baselines, oracle sanity checks, and lightweight oracle-free learned geometry policy where configured. Fallback proxy metrics are not official PoseBusters/PLIP/Vina results.",
  "num_repaired_records": 57,
  "seed": 0
}
