{
  "metrics": [
    {
      "anchor_validity": 1.0,
      "baseline": "feedback_budgeted_learned_editable_contact_shuffled_policy",
      "clash_free_rate": 1.0,
      "editable_validity": 1.0,
      "internal_budget_types": [
        "editable_offset_selection"
      ],
      "mean_anchor_error_reduction": 0.0,
      "mean_clash_count": 0.0,
      "mean_clash_count_reduction": 0.0,
      "mean_contact_fingerprint_similarity": 0.8940734014424505,
      "mean_contact_fingerprint_similarity_gain": 0.030592225457396677,
      "mean_contact_recovery": 0.9141357892482329,
      "mean_contact_recovery_gain": 0.035049649544975414,
      "mean_internal_candidate_budget": 10.0,
      "mean_ligand_efficiency_proxy": 0.02006314902590734,
      "mean_logp": 0.5994705882352958,
      "mean_posebusters_like_pass": 1.0,
      "mean_qed": 0.37805054423109263,
      "mean_sa_fallback": 4.012352941176469,
      "mean_vina_like_gain": 0.013115624282341209,
      "mean_vina_like_proxy": 0.6574975453208093,
      "num_repaired": 17,
      "num_sample_evaluable": 17,
      "repair_gain_success_rate": 0.29411764705882354,
      "repaired_success_rate": 1.0,
      "scaffold_preservation": 1.0,
      "source": "repaired_molecule_rdkit_geometry_eval_with_fallback_external_proxies"
    },
    {
      "anchor_validity": 1.0,
      "baseline": "feedback_learned_editable_contact_shuffled_policy",
      "clash_free_rate": 0.9411764705882353,
      "editable_validity": 1.0,
      "internal_budget_types": [
        "single_policy_output"
      ],
      "mean_anchor_error_reduction": 0.0,
      "mean_clash_count": 0.058823529411764705,
      "mean_clash_count_reduction": -0.058823529411764705,
      "mean_contact_fingerprint_similarity": 0.8704052335337699,
      "mean_contact_fingerprint_similarity_gain": 0.006924057548716082,
      "mean_contact_recovery": 0.8880322181346301,
      "mean_contact_recovery_gain": 0.00894607843137255,
      "mean_internal_candidate_budget": 1.0,
      "mean_ligand_efficiency_proxy": 0.022993248070705966,
      "mean_logp": 0.5994705882352958,
      "mean_posebusters_like_pass": 0.9411764705882353,
      "mean_qed": 0.37805054423109263,
      "mean_sa_fallback": 4.012352941176469,
      "mean_vina_like_gain": -0.11256145743232866,
      "mean_vina_like_proxy": 0.7831746270354791,
      "num_repaired": 17,
      "num_sample_evaluable": 17,
      "repair_gain_success_rate": 0.058823529411764705,
      "repaired_success_rate": 0.9411764705882353,
      "scaffold_preservation": 1.0,
      "source": "repaired_molecule_rdkit_geometry_eval_with_fallback_external_proxies"
    },
    {
      "anchor_validity": 1.0,
      "baseline": "feedback_ridge_editable_contact_shuffled_policy",
      "clash_free_rate": 0.9411764705882353,
      "editable_validity": 1.0,
      "internal_budget_types": [
        "single_policy_output"
      ],
      "mean_anchor_error_reduction": 0.0,
      "mean_clash_count": 0.058823529411764705,
      "mean_clash_count_reduction": -0.058823529411764705,
      "mean_contact_fingerprint_similarity": 0.8602366942293092,
      "mean_contact_fingerprint_similarity_gain": -0.0032444817557447003,
      "mean_contact_recovery": 0.8814018935910196,
      "mean_contact_recovery_gain": 0.0023157538877619965,
      "mean_internal_candidate_budget": 1.0,
      "mean_ligand_efficiency_proxy": 0.022364385419717164,
      "mean_logp": 0.5994705882352958,
      "mean_posebusters_like_pass": 0.9411764705882353,
      "mean_qed": 0.37805054423109263,
      "mean_sa_fallback": 4.012352941176469,
      "mean_vina_like_gain": -0.09978345194022925,
      "mean_vina_like_proxy": 0.7703966215433797,
      "num_repaired": 17,
      "num_sample_evaluable": 17,
      "repair_gain_success_rate": 0.11764705882352941,
      "repaired_success_rate": 0.9411764705882353,
      "scaffold_preservation": 1.0,
      "source": "repaired_molecule_rdkit_geometry_eval_with_fallback_external_proxies"
    }
  ],
  "name": "repaired_contact_degraded_seed2_shuffled_ablation",
  "notes": "Repaired-molecule RDKit/geometry smoke evaluation; includes deterministic/rule baselines, oracle sanity checks, and lightweight oracle-free learned geometry policy where configured. Fallback proxy metrics are not official PoseBusters/PLIP/Vina results.",
  "num_repaired_records": 51,
  "seed": 2
}
