{
  "metrics": [
    {
      "anchor_validity": 0.8571428571428571,
      "baseline": "best_of_n",
      "clash_free_rate": 0.7261904761904762,
      "editable_validity": 1.0,
      "mean_clash_count": 0.6547619047619048,
      "mean_contact_fingerprint_similarity": 0.881044404869008,
      "mean_contact_recovery": 0.958795983258844,
      "mean_ligand_efficiency_proxy": 0.06187130552142067,
      "mean_logp": 2.0783642857142897,
      "mean_posebusters_like_pass": 0.7261904761904762,
      "mean_qed": 0.3867011703296784,
      "mean_sa_fallback": 3.7733333333333343,
      "mean_vina_like_proxy": 1.948788502275566,
      "num_repaired": 84,
      "num_sample_evaluable": 84,
      "repaired_success_rate": 0.6666666666666666,
      "scaffold_preservation": 1.0,
      "source": "repaired_molecule_rdkit_geometry_eval_with_fallback_external_proxies"
    },
    {
      "anchor_validity": 1.0,
      "baseline": "coordinate_rollback",
      "clash_free_rate": 1.0,
      "editable_validity": 1.0,
      "mean_clash_count": 0.0,
      "mean_contact_fingerprint_similarity": 1.0,
      "mean_contact_recovery": 1.0,
      "mean_ligand_efficiency_proxy": 0.011487333836579084,
      "mean_logp": 1.7658583333333358,
      "mean_posebusters_like_pass": 1.0,
      "mean_qed": 0.378909725798289,
      "mean_sa_fallback": 3.7733333333333343,
      "mean_vina_like_proxy": 0.36313889943491623,
      "num_repaired": 84,
      "num_sample_evaluable": 84,
      "repaired_success_rate": 1.0,
      "scaffold_preservation": 1.0,
      "source": "repaired_molecule_rdkit_geometry_eval_with_fallback_external_proxies"
    },
    {
      "anchor_validity": 0.7976190476190477,
      "baseline": "direct_regeneration",
      "clash_free_rate": 0.7261904761904762,
      "editable_validity": 1.0,
      "mean_clash_count": 0.5952380952380952,
      "mean_contact_fingerprint_similarity": 0.8260848327394955,
      "mean_contact_recovery": 0.9356425665148796,
      "mean_ligand_efficiency_proxy": 0.062031790329473306,
      "mean_logp": 1.823594047619049,
      "mean_posebusters_like_pass": 0.7261904761904762,
      "mean_qed": 0.36832268831860143,
      "mean_sa_fallback": 3.7733333333333343,
      "mean_vina_like_proxy": 1.9595874430638598,
      "num_repaired": 84,
      "num_sample_evaluable": 84,
      "repaired_success_rate": 0.6547619047619048,
      "scaffold_preservation": 1.0,
      "source": "repaired_molecule_rdkit_geometry_eval_with_fallback_external_proxies"
    },
    {
      "anchor_validity": 0.8809523809523809,
      "baseline": "feedback_geometry_refinement",
      "clash_free_rate": 0.9523809523809523,
      "editable_validity": 1.0,
      "mean_clash_count": 0.05952380952380952,
      "mean_contact_fingerprint_similarity": 0.8680413632525457,
      "mean_contact_recovery": 0.9288753447546402,
      "mean_ligand_efficiency_proxy": 0.02478448244419791,
      "mean_logp": 1.823594047619049,
      "mean_posebusters_like_pass": 0.9523809523809523,
      "mean_qed": 0.36832268831860143,
      "mean_sa_fallback": 3.7733333333333343,
      "mean_vina_like_proxy": 0.7138868980407683,
      "num_repaired": 84,
      "num_sample_evaluable": 84,
      "repaired_success_rate": 0.8452380952380952,
      "scaffold_preservation": 1.0,
      "source": "repaired_molecule_rdkit_geometry_eval_with_fallback_external_proxies"
    },
    {
      "anchor_validity": 0.8571428571428571,
      "baseline": "feedback_kernel_geometry_policy",
      "clash_free_rate": 0.75,
      "editable_validity": 1.0,
      "mean_clash_count": 0.44047619047619047,
      "mean_contact_fingerprint_similarity": 0.8783648705562945,
      "mean_contact_recovery": 0.9560389935162174,
      "mean_ligand_efficiency_proxy": 0.05176818645822871,
      "mean_logp": 1.823594047619049,
      "mean_posebusters_like_pass": 0.75,
      "mean_qed": 0.36832268831860143,
      "mean_sa_fallback": 3.7733333333333343,
      "mean_vina_like_proxy": 1.5529361976868117,
      "num_repaired": 84,
      "num_sample_evaluable": 84,
      "repaired_success_rate": 0.6785714285714286,
      "scaffold_preservation": 1.0,
      "source": "repaired_molecule_rdkit_geometry_eval_with_fallback_external_proxies"
    },
    {
      "anchor_validity": 0.8571428571428571,
      "baseline": "feedback_knn_geometry_policy",
      "clash_free_rate": 0.8333333333333334,
      "editable_validity": 1.0,
      "mean_clash_count": 0.25,
      "mean_contact_fingerprint_similarity": 0.8512386747520709,
      "mean_contact_recovery": 0.9334241624527083,
      "mean_ligand_efficiency_proxy": 0.04212342818713285,
      "mean_logp": 1.823594047619049,
      "mean_posebusters_like_pass": 0.8333333333333334,
      "mean_qed": 0.36832268831860143,
      "mean_sa_fallback": 3.7733333333333343,
      "mean_vina_like_proxy": 1.1573262438360183,
      "num_repaired": 84,
      "num_sample_evaluable": 84,
      "repaired_success_rate": 0.7380952380952381,
      "scaffold_preservation": 1.0,
      "source": "repaired_molecule_rdkit_geometry_eval_with_fallback_external_proxies"
    },
    {
      "anchor_validity": 0.8690476190476191,
      "baseline": "feedback_learned_geometry_policy",
      "clash_free_rate": 0.8452380952380952,
      "editable_validity": 1.0,
      "mean_clash_count": 0.30952380952380953,
      "mean_contact_fingerprint_similarity": 0.8759756573594266,
      "mean_contact_recovery": 0.947385404154571,
      "mean_ligand_efficiency_proxy": 0.04001736093692474,
      "mean_logp": 1.823594047619049,
      "mean_posebusters_like_pass": 0.8452380952380952,
      "mean_qed": 0.36832268831860143,
      "mean_sa_fallback": 3.7733333333333343,
      "mean_vina_like_proxy": 1.2227076488108106,
      "num_repaired": 84,
      "num_sample_evaluable": 84,
      "repaired_success_rate": 0.75,
      "scaffold_preservation": 1.0,
      "source": "repaired_molecule_rdkit_geometry_eval_with_fallback_external_proxies"
    },
    {
      "anchor_validity": 1.0,
      "baseline": "feedback_linear_refinement",
      "clash_free_rate": 0.8809523809523809,
      "editable_validity": 1.0,
      "mean_clash_count": 0.14285714285714285,
      "mean_contact_fingerprint_similarity": 0.9398245013962342,
      "mean_contact_recovery": 0.9740099719404691,
      "mean_ligand_efficiency_proxy": 0.027494095396495943,
      "mean_logp": 1.823594047619049,
      "mean_posebusters_like_pass": 0.8809523809523809,
      "mean_qed": 0.36832268831860143,
      "mean_sa_fallback": 3.7733333333333343,
      "mean_vina_like_proxy": 0.7892628309952114,
      "num_repaired": 84,
      "num_sample_evaluable": 84,
      "repaired_success_rate": 0.8809523809523809,
      "scaffold_preservation": 1.0,
      "source": "repaired_molecule_rdkit_geometry_eval_with_fallback_external_proxies"
    },
    {
      "anchor_validity": 1.0,
      "baseline": "feedback_rule_repair",
      "clash_free_rate": 1.0,
      "editable_validity": 1.0,
      "mean_clash_count": 0.0,
      "mean_contact_fingerprint_similarity": 0.9867796941924636,
      "mean_contact_recovery": 0.9916872346139857,
      "mean_ligand_efficiency_proxy": 0.012882605674571017,
      "mean_logp": 1.823594047619049,
      "mean_posebusters_like_pass": 1.0,
      "mean_qed": 0.36832268831860143,
      "mean_sa_fallback": 3.7733333333333343,
      "mean_vina_like_proxy": 0.38788087329786436,
      "num_repaired": 84,
      "num_sample_evaluable": 84,
      "repaired_success_rate": 1.0,
      "scaffold_preservation": 1.0,
      "source": "repaired_molecule_rdkit_geometry_eval_with_fallback_external_proxies"
    },
    {
      "anchor_validity": 0.8571428571428571,
      "baseline": "identity_failed_candidate",
      "clash_free_rate": 0.75,
      "editable_validity": 1.0,
      "mean_clash_count": 0.6428571428571429,
      "mean_contact_fingerprint_similarity": 0.8936925189491141,
      "mean_contact_recovery": 0.9665243194033292,
      "mean_ligand_efficiency_proxy": 0.06016744116975889,
      "mean_logp": 1.823594047619049,