{
  "metrics": [
    {
      "anchor_validity": 0.8571428571428571,
      "baseline": "best_of_n",
      "clash_free_rate": 0.7261904761904762,
      "editable_validity": 1.0,
      "mean_clash_count": 0.5833333333333334,
      "mean_contact_fingerprint_similarity": 0.8719871784196718,
      "mean_contact_recovery": 0.9513972353363194,
      "mean_ligand_efficiency_proxy": 0.05960070202442297,
      "mean_logp": 2.0783642857142897,
      "mean_posebusters_like_pass": 0.7261904761904762,
      "mean_qed": 0.3867011703296784,
      "mean_sa_fallback": 3.7733333333333343,
      "mean_vina_like_proxy": 1.819762522084081,
      "num_repaired": 84,
      "num_sample_evaluable": 84,
      "repaired_success_rate": 0.6666666666666666,
      "scaffold_preservation": 1.0,
      "source": "repaired_molecule_rdkit_geometry_eval_with_fallback_external_proxies"
    },
    {
      "anchor_validity": 1.0,
      "baseline": "coordinate_rollback",
      "clash_free_rate": 1.0,
      "editable_validity": 1.0,
      "mean_clash_count": 0.0,
      "mean_contact_fingerprint_similarity": 1.0,
      "mean_contact_recovery": 1.0,
      "mean_ligand_efficiency_proxy": 0.011487333836579084,
      "mean_logp": 1.7658583333333358,
      "mean_posebusters_like_pass": 1.0,
      "mean_qed": 0.378909725798289,
      "mean_sa_fallback": 3.7733333333333343,
      "mean_vina_like_proxy": 0.36313889943491623,
      "num_repaired": 84,
      "num_sample_evaluable": 84,
      "repaired_success_rate": 1.0,
      "scaffold_preservation": 1.0,
      "source": "repaired_molecule_rdkit_geometry_eval_with_fallback_external_proxies"
    },
    {
      "anchor_validity": 0.6309523809523809,
      "baseline": "direct_regeneration",
      "clash_free_rate": 0.75,
      "editable_validity": 1.0,
      "mean_clash_count": 0.5357142857142857,
      "mean_contact_fingerprint_similarity": 0.8256505196666265,
      "mean_contact_recovery": 0.9286058977749831,
      "mean_ligand_efficiency_proxy": 0.05739174870622131,
      "mean_logp": 1.823594047619049,
      "mean_posebusters_like_pass": 0.75,
      "mean_qed": 0.36832268831860143,
      "mean_sa_fallback": 3.7733333333333343,
      "mean_vina_like_proxy": 1.7738121812783656,
      "num_repaired": 84,
      "num_sample_evaluable": 84,
      "repaired_success_rate": 0.5119047619047619,
      "scaffold_preservation": 1.0,
      "source": "repaired_molecule_rdkit_geometry_eval_with_fallback_external_proxies"
    },
    {
      "anchor_validity": 0.7976190476190477,
      "baseline": "feedback_geometry_refinement",
      "clash_free_rate": 0.9285714285714286,
      "editable_validity": 1.0,
      "mean_clash_count": 0.07142857142857142,
      "mean_contact_fingerprint_similarity": 0.8703149815476365,
      "mean_contact_recovery": 0.9338709363409963,
      "mean_ligand_efficiency_proxy": 0.025586515540119443,
      "mean_logp": 1.823594047619049,
      "mean_posebusters_like_pass": 0.9285714285714286,
      "mean_qed": 0.36832268831860143,
      "mean_sa_fallback": 3.7733333333333343,
      "mean_vina_like_proxy": 0.7335969777305817,
      "num_repaired": 84,
      "num_sample_evaluable": 84,
      "repaired_success_rate": 0.7380952380952381,
      "scaffold_preservation": 1.0,
      "source": "repaired_molecule_rdkit_geometry_eval_with_fallback_external_proxies"
    },
    {
      "anchor_validity": 0.8571428571428571,
      "baseline": "feedback_kernel_geometry_policy",
      "clash_free_rate": 0.7380952380952381,
      "editable_validity": 1.0,
      "mean_clash_count": 0.4523809523809524,
      "mean_contact_fingerprint_similarity": 0.8788249625122232,
      "mean_contact_recovery": 0.9563747163286481,
      "mean_ligand_efficiency_proxy": 0.052711147272866285,
      "mean_logp": 1.823594047619049,
      "mean_posebusters_like_pass": 0.7380952380952381,
      "mean_qed": 0.36832268831860143,
      "mean_sa_fallback": 3.7733333333333343,
      "mean_vina_like_proxy": 1.5769645963990022,
      "num_repaired": 84,
      "num_sample_evaluable": 84,
      "repaired_success_rate": 0.6785714285714286,
      "scaffold_preservation": 1.0,
      "source": "repaired_molecule_rdkit_geometry_eval_with_fallback_external_proxies"
    },
    {
      "anchor_validity": 0.7857142857142857,
      "baseline": "feedback_knn_geometry_policy",
      "clash_free_rate": 0.7857142857142857,
      "editable_validity": 1.0,
      "mean_clash_count": 0.3333333333333333,
      "mean_contact_fingerprint_similarity": 0.8320257803238917,
      "mean_contact_recovery": 0.9283532732371789,
      "mean_ligand_efficiency_proxy": 0.04808031486691357,
      "mean_logp": 1.823594047619049,
      "mean_posebusters_like_pass": 0.7857142857142857,
      "mean_qed": 0.36832268831860143,
      "mean_sa_fallback": 3.7733333333333343,
      "mean_vina_like_proxy": 1.3441061555485507,
      "num_repaired": 84,
      "num_sample_evaluable": 84,
      "repaired_success_rate": 0.6428571428571429,
      "scaffold_preservation": 1.0,
      "source": "repaired_molecule_rdkit_geometry_eval_with_fallback_external_proxies"
    },
    {
      "anchor_validity": 0.8690476190476191,
      "baseline": "feedback_learned_geometry_policy",
      "clash_free_rate": 0.8214285714285714,
      "editable_validity": 1.0,
      "mean_clash_count": 0.2857142857142857,
      "mean_contact_fingerprint_similarity": 0.8745205546319346,
      "mean_contact_recovery": 0.946846187900489,
      "mean_ligand_efficiency_proxy": 0.038967172181901766,
      "mean_logp": 1.823594047619049,
      "mean_posebusters_like_pass": 0.8214285714285714,
      "mean_qed": 0.36832268831860143,
      "mean_sa_fallback": 3.7733333333333343,
      "mean_vina_like_proxy": 1.1755613596562644,
      "num_repaired": 84,
      "num_sample_evaluable": 84,
      "repaired_success_rate": 0.7261904761904762,
      "scaffold_preservation": 1.0,
      "source": "repaired_molecule_rdkit_geometry_eval_with_fallback_external_proxies"
    },
    {
      "anchor_validity": 1.0,
      "baseline": "feedback_linear_refinement",
      "clash_free_rate": 0.8809523809523809,
      "editable_validity": 1.0,
      "mean_clash_count": 0.14285714285714285,
      "mean_contact_fingerprint_similarity": 0.9398245013962342,
      "mean_contact_recovery": 0.9740099719404691,
      "mean_ligand_efficiency_proxy": 0.027494095396495943,
      "mean_logp": 1.823594047619049,
      "mean_posebusters_like_pass": 0.8809523809523809,
      "mean_qed": 0.36832268831860143,
      "mean_sa_fallback": 3.7733333333333343,
      "mean_vina_like_proxy": 0.7892628309952114,
      "num_repaired": 84,
      "num_sample_evaluable": 84,
      "repaired_success_rate": 0.8809523809523809,
      "scaffold_preservation": 1.0,
      "source": "repaired_molecule_rdkit_geometry_eval_with_fallback_external_proxies"
    },
    {
      "anchor_validity": 1.0,
      "baseline": "feedback_rule_repair",
      "clash_free_rate": 1.0,
      "editable_validity": 1.0,
      "mean_clash_count": 0.0,
      "mean_contact_fingerprint_similarity": 0.9867796941924636,
      "mean_contact_recovery": 0.9916872346139857,
      "mean_ligand_efficiency_proxy": 0.012882605674571017,
      "mean_logp": 1.823594047619049,
      "mean_posebusters_like_pass": 1.0,
      "mean_qed": 0.36832268831860143,
      "mean_sa_fallback": 3.7733333333333343,
      "mean_vina_like_proxy": 0.38788087329786436,
      "num_repaired": 84,
      "num_sample_evaluable": 84,
      "repaired_success_rate": 1.0,
      "scaffold_preservation": 1.0,
      "source": "repaired_molecule_rdkit_geometry_eval_with_fallback_external_proxies"
    },
    {
      "anchor_validity": 0.8571428571428571,
      "baseline": "identity_failed_candidate",
      "clash_free_rate": 0.75,
      "editable_validity": 1.0,
      "mean_clash_count": 0.6428571428571429,
      "mean_contact_fingerprint_similarity": 0.8936925189491141,
      "mean_contact_recovery": 0.9665243194033292,
      "mean_ligand_efficiency_proxy": 0.06016744116975889,