{
  "metrics": [
    {
      "anchor_validity": 0.8571428571428571,
      "baseline": "best_of_n",
      "clash_free_rate": 0.75,
      "editable_validity": 1.0,
      "mean_clash_count": 0.6428571428571429,
      "mean_contact_fingerprint_similarity": 0.8936925189491141,
      "mean_contact_recovery": 0.9665243194033292,
      "mean_ligand_efficiency_proxy": 0.05843205643986241,
      "mean_logp": 2.0783642857142897,
      "mean_posebusters_like_pass": 0.75,
      "mean_qed": 0.3867011703296784,
      "mean_sa_fallback": 3.7733333333333343,
      "mean_vina_like_proxy": 1.9166365596775203,
      "num_repaired": 84,
      "num_sample_evaluable": 84,
      "repaired_success_rate": 0.6904761904761905,
      "scaffold_preservation": 1.0,
      "source": "repaired_molecule_rdkit_geometry_eval_with_fallback_external_proxies"
    },
    {
      "anchor_validity": 1.0,
      "baseline": "coordinate_rollback",
      "clash_free_rate": 1.0,
      "editable_validity": 1.0,
      "mean_clash_count": 0.0,
      "mean_contact_fingerprint_similarity": 1.0,
      "mean_contact_recovery": 1.0,
      "mean_ligand_efficiency_proxy": 0.011487333836579084,
      "mean_logp": 1.7658583333333358,
      "mean_posebusters_like_pass": 1.0,
      "mean_qed": 0.378909725798289,
      "mean_sa_fallback": 3.7733333333333343,
      "mean_vina_like_proxy": 0.36313889943491623,
      "num_repaired": 84,
      "num_sample_evaluable": 84,
      "repaired_success_rate": 1.0,
      "scaffold_preservation": 1.0,
      "source": "repaired_molecule_rdkit_geometry_eval_with_fallback_external_proxies"
    },
    {
      "anchor_validity": 0.7619047619047619,
      "baseline": "direct_regeneration",
      "clash_free_rate": 0.6190476190476191,
      "editable_validity": 1.0,
      "mean_clash_count": 0.9880952380952381,
      "mean_contact_fingerprint_similarity": 0.8006817167173926,
      "mean_contact_recovery": 0.9309750942621394,
      "mean_ligand_efficiency_proxy": 0.09405432709189153,
      "mean_logp": 1.823594047619049,
      "mean_posebusters_like_pass": 0.6190476190476191,
      "mean_qed": 0.36832268831860143,
      "mean_sa_fallback": 3.7733333333333343,
      "mean_vina_like_proxy": 2.8024293305478167,
      "num_repaired": 84,
      "num_sample_evaluable": 84,
      "repaired_success_rate": 0.5476190476190477,
      "scaffold_preservation": 1.0,
      "source": "repaired_molecule_rdkit_geometry_eval_with_fallback_external_proxies"
    },
    {
      "anchor_validity": 0.8214285714285714,
      "baseline": "feedback_geometry_refinement",
      "clash_free_rate": 0.9523809523809523,
      "editable_validity": 1.0,
      "mean_clash_count": 0.05952380952380952,
      "mean_contact_fingerprint_similarity": 0.8765022549116848,
      "mean_contact_recovery": 0.9362452871144601,
      "mean_ligand_efficiency_proxy": 0.02499898476154495,
      "mean_logp": 1.823594047619049,
      "mean_posebusters_like_pass": 0.9523809523809523,
      "mean_qed": 0.36832268831860143,
      "mean_sa_fallback": 3.7733333333333343,
      "mean_vina_like_proxy": 0.7127784740513339,
      "num_repaired": 84,
      "num_sample_evaluable": 84,
      "repaired_success_rate": 0.7857142857142857,
      "scaffold_preservation": 1.0,
      "source": "repaired_molecule_rdkit_geometry_eval_with_fallback_external_proxies"
    },
    {
      "anchor_validity": 0.8571428571428571,
      "baseline": "feedback_kernel_geometry_policy",
      "clash_free_rate": 0.7738095238095238,
      "editable_validity": 1.0,
      "mean_clash_count": 0.4523809523809524,
      "mean_contact_fingerprint_similarity": 0.8761576518806488,
      "mean_contact_recovery": 0.9501025020591458,
      "mean_ligand_efficiency_proxy": 0.0491736730425142,
      "mean_logp": 1.823594047619049,
      "mean_posebusters_like_pass": 0.7738095238095238,
      "mean_qed": 0.36832268831860143,
      "mean_sa_fallback": 3.7733333333333343,
      "mean_vina_like_proxy": 1.5701527547669476,
      "num_repaired": 84,
      "num_sample_evaluable": 84,
      "repaired_success_rate": 0.7023809523809523,
      "scaffold_preservation": 1.0,
      "source": "repaired_molecule_rdkit_geometry_eval_with_fallback_external_proxies"
    },
    {
      "anchor_validity": 0.8214285714285714,
      "baseline": "feedback_knn_geometry_policy",
      "clash_free_rate": 0.8214285714285714,
      "editable_validity": 1.0,
      "mean_clash_count": 0.23809523809523808,
      "mean_contact_fingerprint_similarity": 0.8466957728140814,
      "mean_contact_recovery": 0.931301819039875,
      "mean_ligand_efficiency_proxy": 0.0428657548778628,
      "mean_logp": 1.823594047619049,
      "mean_posebusters_like_pass": 0.8214285714285714,
      "mean_qed": 0.36832268831860143,
      "mean_sa_fallback": 3.7733333333333343,
      "mean_vina_like_proxy": 1.1350863105144033,
      "num_repaired": 84,
      "num_sample_evaluable": 84,
      "repaired_success_rate": 0.6904761904761905,
      "scaffold_preservation": 1.0,
      "source": "repaired_molecule_rdkit_geometry_eval_with_fallback_external_proxies"
    },
    {
      "anchor_validity": 0.8690476190476191,
      "baseline": "feedback_learned_geometry_policy",
      "clash_free_rate": 0.8571428571428571,
      "editable_validity": 1.0,
      "mean_clash_count": 0.25,
      "mean_contact_fingerprint_similarity": 0.8887944111342556,
      "mean_contact_recovery": 0.952272282834548,
      "mean_ligand_efficiency_proxy": 0.03557086739864812,
      "mean_logp": 1.823594047619049,
      "mean_posebusters_like_pass": 0.8571428571428571,
      "mean_qed": 0.36832268831860143,
      "mean_sa_fallback": 3.7733333333333343,
      "mean_vina_like_proxy": 1.0920255360138806,
      "num_repaired": 84,
      "num_sample_evaluable": 84,
      "repaired_success_rate": 0.75,
      "scaffold_preservation": 1.0,
      "source": "repaired_molecule_rdkit_geometry_eval_with_fallback_external_proxies"
    },
    {
      "anchor_validity": 1.0,
      "baseline": "feedback_linear_refinement",
      "clash_free_rate": 0.8809523809523809,
      "editable_validity": 1.0,
      "mean_clash_count": 0.14285714285714285,
      "mean_contact_fingerprint_similarity": 0.9398245013962342,
      "mean_contact_recovery": 0.9740099719404691,
      "mean_ligand_efficiency_proxy": 0.027494095396495943,
      "mean_logp": 1.823594047619049,
      "mean_posebusters_like_pass": 0.8809523809523809,
      "mean_qed": 0.36832268831860143,
      "mean_sa_fallback": 3.7733333333333343,
      "mean_vina_like_proxy": 0.7892628309952114,
      "num_repaired": 84,
      "num_sample_evaluable": 84,
      "repaired_success_rate": 0.8809523809523809,
      "scaffold_preservation": 1.0,
      "source": "repaired_molecule_rdkit_geometry_eval_with_fallback_external_proxies"
    },
    {
      "anchor_validity": 1.0,
      "baseline": "feedback_rule_repair",
      "clash_free_rate": 1.0,
      "editable_validity": 1.0,
      "mean_clash_count": 0.0,
      "mean_contact_fingerprint_similarity": 0.9867796941924636,
      "mean_contact_recovery": 0.9916872346139857,
      "mean_ligand_efficiency_proxy": 0.012882605674571017,
      "mean_logp": 1.823594047619049,
      "mean_posebusters_like_pass": 1.0,
      "mean_qed": 0.36832268831860143,
      "mean_sa_fallback": 3.7733333333333343,
      "mean_vina_like_proxy": 0.38788087329786436,
      "num_repaired": 84,
      "num_sample_evaluable": 84,
      "repaired_success_rate": 1.0,
      "scaffold_preservation": 1.0,
      "source": "repaired_molecule_rdkit_geometry_eval_with_fallback_external_proxies"
    },
    {
      "anchor_validity": 0.8571428571428571,
      "baseline": "identity_failed_candidate",
      "clash_free_rate": 0.75,
      "editable_validity": 1.0,
      "mean_clash_count": 0.6428571428571429,
      "mean_contact_fingerprint_similarity": 0.8936925189491141,
      "mean_contact_recovery": 0.9665243194033292,
      "mean_ligand_efficiency_proxy": 0.06016744116975889,
      "mean_logp": 1.823594047619049,