{
  "metrics": [
    {
      "anchor_validity": 1.0,
      "baseline": "best_of_n",
      "clash_free_rate": 0.8194444444444444,
      "editable_validity": 1.0,
      "mean_clash_count": 0.2361111111111111,
      "mean_contact_fingerprint_similarity": 0.9421554862116943,
      "mean_contact_recovery": 0.9775528205438254,
      "mean_ligand_efficiency_proxy": 0.03354461250181715,
      "mean_logp": 2.076437500000004,
      "mean_posebusters_like_pass": 0.8194444444444444,
      "mean_qed": 0.3869149131879347,
      "mean_sa_fallback": 3.773333333333335,
      "mean_vina_like_proxy": 0.9999527501018061,
      "num_repaired": 72,
      "num_sample_evaluable": 72,
      "repaired_success_rate": 0.8194444444444444,
      "scaffold_preservation": 1.0,
      "source": "repaired_molecule_rdkit_geometry_eval_with_fallback_external_proxies"
    },
    {
      "anchor_validity": 1.0,
      "baseline": "coordinate_rollback",
      "clash_free_rate": 1.0,
      "editable_validity": 1.0,
      "mean_clash_count": 0.0,
      "mean_contact_fingerprint_similarity": 1.0,
      "mean_contact_recovery": 1.0,
      "mean_ligand_efficiency_proxy": 0.011487333836579083,
      "mean_logp": 1.765858333333336,
      "mean_posebusters_like_pass": 1.0,
      "mean_qed": 0.378909725798289,
      "mean_sa_fallback": 3.773333333333335,
      "mean_vina_like_proxy": 0.36313889943491623,
      "num_repaired": 72,
      "num_sample_evaluable": 72,
      "repaired_success_rate": 1.0,
      "scaffold_preservation": 1.0,
      "source": "repaired_molecule_rdkit_geometry_eval_with_fallback_external_proxies"
    },
    {
      "anchor_validity": 0.9861111111111112,
      "baseline": "direct_regeneration",
      "clash_free_rate": 0.75,
      "editable_validity": 1.0,
      "mean_clash_count": 0.3333333333333333,
      "mean_contact_fingerprint_similarity": 0.8509030151366912,
      "mean_contact_recovery": 0.9270568307009874,
      "mean_ligand_efficiency_proxy": 0.04595364053110043,
      "mean_logp": 1.8332166666666687,
      "mean_posebusters_like_pass": 0.75,
      "mean_qed": 0.36655818207198687,
      "mean_sa_fallback": 3.773333333333335,
      "mean_vina_like_proxy": 1.3440822483633583,
      "num_repaired": 72,
      "num_sample_evaluable": 72,
      "repaired_success_rate": 0.7361111111111112,
      "scaffold_preservation": 1.0,
      "source": "repaired_molecule_rdkit_geometry_eval_with_fallback_external_proxies"
    },
    {
      "anchor_validity": 0.9166666666666666,
      "baseline": "feedback_geometry_refinement",
      "clash_free_rate": 0.9583333333333334,
      "editable_validity": 1.0,
      "mean_clash_count": 0.041666666666666664,
      "mean_contact_fingerprint_similarity": 0.887948152399617,
      "mean_contact_recovery": 0.9415755990744687,
      "mean_ligand_efficiency_proxy": 0.022894800434379012,
      "mean_logp": 1.8332166666666687,
      "mean_posebusters_like_pass": 0.9583333333333334,
      "mean_qed": 0.36655818207198687,
      "mean_sa_fallback": 3.773333333333335,
      "mean_vina_like_proxy": 0.6486382559697763,
      "num_repaired": 72,
      "num_sample_evaluable": 72,
      "repaired_success_rate": 0.875,
      "scaffold_preservation": 1.0,
      "source": "repaired_molecule_rdkit_geometry_eval_with_fallback_external_proxies"
    },
    {
      "anchor_validity": 1.0,
      "baseline": "feedback_kernel_geometry_policy",
      "clash_free_rate": 0.8472222222222222,
      "editable_validity": 1.0,
      "mean_clash_count": 0.19444444444444445,
      "mean_contact_fingerprint_similarity": 0.9168162173844867,
      "mean_contact_recovery": 0.9619935345359628,
      "mean_ligand_efficiency_proxy": 0.03134015181001397,
      "mean_logp": 1.8332166666666687,
      "mean_posebusters_like_pass": 0.8472222222222222,
      "mean_qed": 0.36655818207198687,
      "mean_sa_fallback": 3.773333333333335,
      "mean_vina_like_proxy": 0.9324864465528572,
      "num_repaired": 72,
      "num_sample_evaluable": 72,
      "repaired_success_rate": 0.8472222222222222,
      "scaffold_preservation": 1.0,
      "source": "repaired_molecule_rdkit_geometry_eval_with_fallback_external_proxies"
    },
    {
      "anchor_validity": 0.9305555555555556,
      "baseline": "feedback_knn_geometry_policy",
      "clash_free_rate": 0.8333333333333334,
      "editable_validity": 1.0,
      "mean_clash_count": 0.3194444444444444,
      "mean_contact_fingerprint_similarity": 0.8474443947967529,
      "mean_contact_recovery": 0.9272552622956886,
      "mean_ligand_efficiency_proxy": 0.04200290033340465,
      "mean_logp": 1.8332166666666687,
      "mean_posebusters_like_pass": 0.8333333333333334,
      "mean_qed": 0.36655818207198687,
      "mean_sa_fallback": 3.773333333333335,
      "mean_vina_like_proxy": 1.3083269777314688,
      "num_repaired": 72,
      "num_sample_evaluable": 72,
      "repaired_success_rate": 0.7916666666666666,
      "scaffold_preservation": 1.0,
      "source": "repaired_molecule_rdkit_geometry_eval_with_fallback_external_proxies"
    },
    {
      "anchor_validity": 0.9861111111111112,
      "baseline": "feedback_learned_geometry_policy",
      "clash_free_rate": 0.8888888888888888,
      "editable_validity": 1.0,
      "mean_clash_count": 0.19444444444444445,
      "mean_contact_fingerprint_similarity": 0.9198279551674388,
      "mean_contact_recovery": 0.9614017005801586,
      "mean_ligand_efficiency_proxy": 0.028866685916514114,
      "mean_logp": 1.8332166666666687,
      "mean_posebusters_like_pass": 0.8888888888888888,
      "mean_qed": 0.36655818207198687,
      "mean_sa_fallback": 3.773333333333335,
      "mean_vina_like_proxy": 0.9588395141442732,
      "num_repaired": 72,
      "num_sample_evaluable": 72,
      "repaired_success_rate": 0.875,
      "scaffold_preservation": 1.0,
      "source": "repaired_molecule_rdkit_geometry_eval_with_fallback_external_proxies"
    },
    {
      "anchor_validity": 1.0,
      "baseline": "feedback_linear_refinement",
      "clash_free_rate": 0.8194444444444444,
      "editable_validity": 1.0,
      "mean_clash_count": 0.2361111111111111,
      "mean_contact_fingerprint_similarity": 0.9266930550413505,
      "mean_contact_recovery": 0.9699966047850701,
      "mean_ligand_efficiency_proxy": 0.034839246891459105,
      "mean_logp": 1.8332166666666687,
      "mean_posebusters_like_pass": 0.8194444444444444,
      "mean_qed": 0.36655818207198687,
      "mean_sa_fallback": 3.773333333333335,
      "mean_vina_like_proxy": 1.0389343680171208,
      "num_repaired": 72,
      "num_sample_evaluable": 72,
      "repaired_success_rate": 0.8194444444444444,
      "scaffold_preservation": 1.0,
      "source": "repaired_molecule_rdkit_geometry_eval_with_fallback_external_proxies"
    },
    {
      "anchor_validity": 0.9861111111111112,
      "baseline": "feedback_residual_ensemble_policy",
      "clash_free_rate": 0.9027777777777778,
      "editable_validity": 1.0,
      "mean_clash_count": 0.1527777777777778,
      "mean_contact_fingerprint_similarity": 0.9125997706781782,
      "mean_contact_recovery": 0.9595457989762219,
      "mean_ligand_efficiency_proxy": 0.02698727341072092,
      "mean_logp": 1.8332166666666687,
      "mean_posebusters_like_pass": 0.9027777777777778,
      "mean_qed": 0.36655818207198687,
      "mean_sa_fallback": 3.773333333333335,
      "mean_vina_like_proxy": 0.8687347590456722,
      "num_repaired": 72,
      "num_sample_evaluable": 72,
      "repaired_success_rate": 0.9027777777777778,
      "scaffold_preservation": 1.0,
      "source": "repaired_molecule_rdkit_geometry_eval_with_fallback_external_proxies"
    },
    {
      "anchor_validity": 1.0,
      "baseline": "feedback_rule_repair",
      "clash_free_rate": 1.0,
      "editable_validity": 1.0,
      "mean_clash_count": 0.0,
      "mean_contact_fingerprint_similarity": 1.0,
      "mean_contact_recovery": 1.0,
      "mean_ligand_efficiency_proxy": 0.011043532721094606,
      "mean_logp": 1.8332166666666687,